scheme_code,name,amc,category,type,risk_level,expense_ratio,aum_in_crore,inception_date,fund_manager,investment_objective,returns,volatility,rating
119551,Aditya Birla Sun Life Banking & PSU Debt Fund  - DIRECT - IDCW,Aditya Birla Sun Life Mutual Fund,INF209KA13Z9,Other,,0,0,,,,"{""1y"": 0, ""3y"": 0, ""5y"": 0, ""since_inception"": 0}",0,0
119553,Aditya Birla Sun Life Banking & PSU Debt Fund  - Direct - Quarterly IDCW,Aditya Birla Sun Life Mutual Fund,-,Other,,0,0,,,,"{""1y"": 0, ""3y"": 0, ""5y"": 0, ""since_inception"": 0}",0,0
119552,Aditya Birla Sun Life Banking & PSU Debt Fund  - DIRECT - MONTHLY IDCW,Aditya Birla Sun Life Mutual Fund,-,Other,,0,0,,,,"{""1y"": 0, ""3y"": 0, ""5y"": 0, ""since_inception"": 0}",0,0
110282,Aditya Birla Sun Life Banking & PSU Debt Fund  - REGULAR - MONTHLY IDCW,Aditya Birla Sun Life Mutual Fund,-,Other,,0,0,,,,"{""1y"": 0, ""3y"": 0, ""5y"": 0, ""since_inception"": 0}",0,0
108272,Aditya Birla Sun Life Banking & PSU Debt Fund  - REGULAR - IDCW,Aditya Birla Sun Life Mutual Fund,INF209KA11Z3,Other,,0,0,,,,"{""1y"": 0, ""3y"": 0, ""5y"": 0, ""since_inception"": 0}",0,0
106157,Aditya Birla Sun Life Banking & PSU Debt Fund  - retail - quarterly IDCW,Aditya Birla Sun Life Mutual Fund,-,Other,,0,0,,,,"{""1y"": 0, ""3y"": 0, ""5y"": 0, ""since_inception"": 0}",0,0
110490,Aditya Birla Sun Life Banking & PSU Debt Fund  - retail - monthly IDCW,Aditya Birla Sun Life Mutual Fund,-,Other,,0,0,,,,"{""1y"": 0, ""3y"": 0, ""5y"": 0, ""since_inception"": 0}",0,0
108274,Aditya Birla Sun Life Banking & PSU Debt Fund  - REGULAR - Quarterly IDCW,Aditya Birla Sun Life Mutual Fund,-,Other,,0,0,,,,"{""1y"": 0, ""3y"": 0, ""5y"": 0, ""since_inception"": 0}",0,0
103176,Aditya Birla Sun Life Banking & PSU Debt Fund - Retail Plan-Growth,Aditya Birla Sun Life Mutual Fund,-,Other,,0,0,,,,"{""1y"": 0, ""3y"": 0, ""5y"": 0, ""since_inception"": 0}",0,0
108273,Aditya Birla Sun Life Banking & PSU Debt Fund - Regular Plan-Growth,Aditya Birla Sun Life Mutual Fund,-,Other,,0,0,,,,"{""1y"": 0, ""3y"": 0, ""5y"": 0, ""since_inception"": 0}",0,0
128952,Axis Banking & PSU Debt Fund - Direct Plan - Bonus Option,Axis Mutual Fund,-,Other,,0,0,,,,"{""1y"": 0, ""3y"": 0, ""5y"": 0, ""since_inception"": 0}",0,0
120438,Axis Banking & PSU Debt Fund - Direct Plan - Growth Option,Axis Mutual Fund,-,Other,,0,0,,,,"{""1y"": 0, ""3y"": 0, ""5y"": 0, ""since_inception"": 0}",0,0
120439,Axis Banking & PSU Debt Fund - Direct Plan - Monthly IDCW,Axis Mutual Fund,INF846K01CS4,Other,,0,0,,,,"{""1y"": 0, ""3y"": 0, ""5y"": 0, ""since_inception"": 0}",0,0
120437,Axis Banking & PSU Debt Fund - Direct Plan - Daily IDCW,Axis Mutual Fund,INF846K01CU0,Other,,0,0,,,,"{""1y"": 0, ""3y"": 0, ""5y"": 0, ""since_inception"": 0}",0,0
119550,Aditya Birla Sun Life Banking & PSU Debt Fund- Direct Plan-Growth,Aditya Birla Sun Life Mutual Fund,-,Other,,0,0,,,,"{""1y"": 0, ""3y"": 0, ""5y"": 0, ""since_inception"": 0}",0,0
120436,Axis Banking & PSU Debt Fund - Direct Plan - Weekly IDCW,Axis Mutual Fund,INF846K01CW6,Other,,0,0,,,,"{""1y"": 0, ""3y"": 0, ""5y"": 0, ""since_inception"": 0}",0,0
117447,Axis Banking & PSU Debt Fund - Regular Plan - Daily IDCW,Axis Mutual Fund,INF846K01CC8,Other,,0,0,,,,"{""1y"": 0, ""3y"": 0, ""5y"": 0, ""since_inception"": 0}",0,0
128953,Axis Banking & PSU Debt Fund - Regular Plan - Bonus Option,Axis Mutual Fund,-,Other,,0,0,,,,"{""1y"": 0, ""3y"": 0, ""5y"": 0, ""since_inception"": 0}",0,0
117446,Axis Banking & PSU Debt Fund - Regular Plan - Growth option,Axis Mutual Fund,-,Other,,0,0,,,,"{""1y"": 0, ""3y"": 0, ""5y"": 0, ""since_inception"": 0}",0,0
117449,Axis Banking & PSU Debt Fund - Regular Plan - Monthly IDCW,Axis Mutual Fund,INF846K01CG9,Other,,0,0,,,,"{""1y"": 0, ""3y"": 0, ""5y"": 0, ""since_inception"": 0}",0,0
152163,Bajaj Finserv Banking and PSU Fund- Direct Plan- IDCW,Bajaj Finserv Mutual Fund,INF0QA701623,Other,,0,0,,,,"{""1y"": 0, ""3y"": 0, ""5y"": 0, ""since_inception"": 0}",0,0
152165,Bajaj Finserv Banking and PSU Fund- Regular Plan- Growth,Bajaj Finserv Mutual Fund,-,Other,,0,0,,,,"{""1y"": 0, ""3y"": 0, ""5y"": 0, ""since_inception"": 0}",0,0
152164,Bajaj Finserv Banking and PSU Fund-  Direct Plan-Monthly- IDCW,Bajaj Finserv Mutual Fund,INF0QA701631,Other,,0,0,,,,"{""1y"": 0, ""3y"": 0, ""5y"": 0, ""since_inception"": 0}",0,0
117448,Axis Banking & PSU Debt Fund - Regular Plan - Weekly IDCW,Axis Mutual Fund,INF846K01CE4,Other,,0,0,,,,"{""1y"": 0, ""3y"": 0, ""5y"": 0, ""since_inception"": 0}",0,0
152166,Bajaj Finserv Banking and PSU Fund- Regular Plan- IDCW,Bajaj Finserv Mutual Fund,INF0QA701573,Other,,0,0,,,,"{""1y"": 0, ""3y"": 0, ""5y"": 0, ""since_inception"": 0}",0,0
121936,BANDHAN Banking & PSU Debt Fund - Direct Annual IDCW,Bandhan Mutual Fund,-,Other,,0,0,,,,"{""1y"": 0, ""3y"": 0, ""5y"": 0, ""since_inception"": 0}",0,0
121934,BANDHAN Banking & PSU Debt Fund - Direct Fortnightly IDCW,Bandhan Mutual Fund,INF194K010N5,Other,,0,0,,,,"{""1y"": 0, ""3y"": 0, ""5y"": 0, ""since_inception"": 0}",0,0
152162,Bajaj Finserv Banking and PSU Fund-Direct Plan- Growth,Bajaj Finserv Mutual Fund,-,Other,,0,0,,,,"{""1y"": 0, ""3y"": 0, ""5y"": 0, ""since_inception"": 0}",0,0
127471,BANDHAN Banking & PSU Debt Fund - Direct Daily IDCW,Bandhan Mutual Fund,INF194KA1JD3,Other,,0,0,,,,"{""1y"": 0, ""3y"": 0, ""5y"": 0, ""since_inception"": 0}",0,0
152167,Bajaj Finserv Banking and PSU Fund-Regular Plan-Monthly-IDCW,Bajaj Finserv Mutual Fund,INF0QA701581,Other,,0,0,,,,"{""1y"": 0, ""3y"": 0, ""5y"": 0, ""since_inception"": 0}",0,0
121935,BANDHAN Banking & PSU Debt Fund - Direct Monthly IDCW,Bandhan Mutual Fund,INF194K011N3,Other,,0,0,,,,"{""1y"": 0, ""3y"": 0, ""5y"": 0, ""since_inception"": 0}",0,0
121933,BANDHAN Banking & PSU Debt Fund - Regular Annual IDCW,Bandhan Mutual Fund,-,Other,,0,0,,,,"{""1y"": 0, ""3y"": 0, ""5y"": 0, ""since_inception"": 0}",0,0
121279,BANDHAN Banking & PSU Debt Fund - Direct Growth,Bandhan Mutual Fund,-,Other,,0,0,,,,"{""1y"": 0, ""3y"": 0, ""5y"": 0, ""since_inception"": 0}",0,0
121281,BANDHAN Banking & PSU Debt Fund - Direct IDCW,Bandhan Mutual Fund,INF194K017G4,Other,,0,0,,,,"{""1y"": 0, ""3y"": 0, ""5y"": 0, ""since_inception"": 0}",0,0
121938,BANDHAN Banking & PSU Debt Fund - Direct Quarterly IDCW,Bandhan Mutual Fund,-,Other,,0,0,,,,"{""1y"": 0, ""3y"": 0, ""5y"": 0, ""since_inception"": 0}",0,0
121931,BANDHAN Banking & PSU Debt Fund - Regular Fortnightly IDCW,Bandhan Mutual Fund,INF194K016M4,Other,,0,0,,,,"{""1y"": 0, ""3y"": 0, ""5y"": 0, ""since_inception"": 0}",0,0
121932,BANDHAN Banking & PSU Debt Fund - Regular Monthly IDCW,Bandhan Mutual Fund,INF194K017M2,Other,,0,0,,,,"{""1y"": 0, ""3y"": 0, ""5y"": 0, ""since_inception"": 0}",0,0
121282,BANDHAN Banking & PSU Debt Fund - Regular IDCW,Bandhan Mutual Fund,INF194K012D2,Other,,0,0,,,,"{""1y"": 0, ""3y"": 0, ""5y"": 0, ""since_inception"": 0}",0,0
127470,BANDHAN Banking & PSU Debt Fund - Regular Daily IDCW,Bandhan Mutual Fund,INF194KA1JC5,Other,,0,0,,,,"{""1y"": 0, ""3y"": 0, ""5y"": 0, ""since_inception"": 0}",0,0
121280,BANDHAN Banking & PSU Debt Fund - Regular Growth,Bandhan Mutual Fund,-,Other,,0,0,,,,"{""1y"": 0, ""3y"": 0, ""5y"": 0, ""since_inception"": 0}",0,0
148629,Baroda BNP Paribas Banking and PSU Bond Fund -Direct Plan-Monthly IDCW Option,Baroda BNP Paribas Mutual Fund,INF955L01KG9,Other,,0,0,,,,"{""1y"": 0, ""3y"": 0, ""5y"": 0, ""since_inception"": 0}",0,0
148630,Baroda BNP Paribas Banking and PSU Bond Fund-Direct plan-Quarterly IDCW Option,Baroda BNP Paribas Mutual Fund,INF955L01KE4,Other,,0,0,,,,"{""1y"": 0, ""3y"": 0, ""5y"": 0, ""since_inception"": 0}",0,0
121937,BANDHAN Banking & PSU Debt Fund - Regular Quarterly IDCW,Bandhan Mutual Fund,-,Other,,0,0,,,,"{""1y"": 0, ""3y"": 0, ""5y"": 0, ""since_inception"": 0}",0,0
148628,Baroda BNP Paribas Banking and PSU Bond Fund- Direct Plan -Growth Option,Baroda BNP Paribas Mutual Fund,-,Other,,0,0,,,,"{""1y"": 0, ""3y"": 0, ""5y"": 0, ""since_inception"": 0}",0,0
148625,Baroda BNP Paribas Banking and PSU Bond Fund-Regular Plan -Growth Option,Baroda BNP Paribas Mutual Fund,-,Other,,0,0,,,,"{""1y"": 0, ""3y"": 0, ""5y"": 0, ""since_inception"": 0}",0,0
148627,Baroda BNP Paribas Banking and PSU Bond Fund-Regular Plan-Quarterly IDCW Option,Baroda BNP Paribas Mutual Fund,INF955L01JZ1,Other,,0,0,,,,"{""1y"": 0, ""3y"": 0, ""5y"": 0, ""since_inception"": 0}",0,0
150507,Canara Robeco Banking and PSU Debt Fund- Direct Plan- IDCW Payout,Canara Robeco Mutual Fund,INF760K01KD2,Other,,0,0,,,,"{""1y"": 0, ""3y"": 0, ""5y"": 0, ""since_inception"": 0}",0,0
150505,Canara Robeco Banking and PSU Debt Fund- Direct Plan- Growth Option,Canara Robeco Mutual Fund,-,Other,,0,0,,,,"{""1y"": 0, ""3y"": 0, ""5y"": 0, ""since_inception"": 0}",0,0
148626,Baroda BNP Paribas Banking and PSU Bond Fund-Regular Plan -Monthly IDCW Option,Baroda BNP Paribas Mutual Fund,INF955L01KB0,Other,,0,0,,,,"{""1y"": 0, ""3y"": 0, ""5y"": 0, ""since_inception"": 0}",0,0
150503,Canara Robeco Banking and PSU Debt Fund- Regular Plan- Growth Option,Canara Robeco Mutual Fund,-,Other,,0,0,,,,"{""1y"": 0, ""3y"": 0, ""5y"": 0, ""since_inception"": 0}",0,0
124175,DSP Banking & PSU Debt Fund - Direct Plan - Growth,DSP Mutual Fund,-,Other,,0,0,,,,"{""1y"": 0, ""3y"": 0, ""5y"": 0, ""since_inception"": 0}",0,0
150504,Canara Robeco Banking and PSU Debt Fund- Regular Plan- IDCW (Payout/ Reinvestment),Canara Robeco Mutual Fund,INF760K01KG5,Other,,0,0,,,,"{""1y"": 0, ""3y"": 0, ""5y"": 0, ""since_inception"": 0}",0,0
124182,DSP Banking & PSU Debt Fund - Direct Plan - IDCW - Daily Reinvest,DSP Mutual Fund,INF740KA1OF7,Other,,0,0,,,,"{""1y"": 0, ""3y"": 0, ""5y"": 0, ""since_inception"": 0}",0,0
124178,DSP Banking & PSU Debt Fund - Direct Plan - IDCW,DSP Mutual Fund,INF740K01A26,Other,,0,0,,,,"{""1y"": 0, ""3y"": 0, ""5y"": 0, ""since_inception"": 0}",0,0
124176,DSP Banking & PSU Debt Fund - Direct Plan - IDCW - Monthly,DSP Mutual Fund,INF740K01ZY8,Other,,0,0,,,,"{""1y"": 0, ""3y"": 0, ""5y"": 0, ""since_inception"": 0}",0,0
124172,DSP Banking & PSU Debt Fund - Regular Plan - Growth,DSP Mutual Fund,-,Other,,0,0,,,,"{""1y"": 0, ""3y"": 0, ""5y"": 0, ""since_inception"": 0}",0,0
124177,DSP Banking & PSU Debt Fund - Direct Plan - IDCW - Quarterly,DSP Mutual Fund,INF740K01A00,Other,,0,0,,,,"{""1y"": 0, ""3y"": 0, ""5y"": 0, ""since_inception"": 0}",0,0
124174,DSP Banking & PSU Debt Fund - Regular Plan - IDCW,DSP Mutual Fund,INF740K01ZV4,Other,,0,0,,,,"{""1y"": 0, ""3y"": 0, ""5y"": 0, ""since_inception"": 0}",0,0
124173,DSP Banking & PSU Debt Fund - Regular Plan - IDCW - Daily Reinvest,DSP Mutual Fund,INF740KA1OI1,Other,,0,0,,,,"{""1y"": 0, ""3y"": 0, ""5y"": 0, ""since_inception"": 0}",0,0
124183,DSP Banking & PSU Debt Fund - Direct Plan - IDCW - Weekly,DSP Mutual Fund,INF740KA1OH3,Other,,0,0,,,,"{""1y"": 0, ""3y"": 0, ""5y"": 0, ""since_inception"": 0}",0,0
124181,DSP Banking & PSU Debt Fund - Regular Plan - IDCW - Quarterly,DSP Mutual Fund,INF740K01ZT8,Other,,0,0,,,,"{""1y"": 0, ""3y"": 0, ""5y"": 0, ""since_inception"": 0}",0,0
140288,Edelweiss Banking and PSU Debt Fund - Direct Plan - IDCW Option,Edelweiss Mutual Fund,INF843K01FE4,Other,,0,0,,,,"{""1y"": 0, ""3y"": 0, ""5y"": 0, ""since_inception"": 0}",0,0
124180,DSP Banking & PSU Debt Fund - Regular Plan - IDCW - Monthly,DSP Mutual Fund,INF740K01ZR2,Other,,0,0,,,,"{""1y"": 0, ""3y"": 0, ""5y"": 0, ""since_inception"": 0}",0,0
124179,DSP Banking & PSU Debt Fund - Regular Plan - IDCW - Weekly,DSP Mutual Fund,INF740KA1OK7,Other,,0,0,,,,"{""1y"": 0, ""3y"": 0, ""5y"": 0, ""since_inception"": 0}",0,0
140286,Edelweiss Banking and PSU Debt Fund - Direct Plan - Growth Option,Edelweiss Mutual Fund,-,Other,,0,0,,,,"{""1y"": 0, ""3y"": 0, ""5y"": 0, ""since_inception"": 0}",0,0
140293,Edelweiss Banking and PSU Debt Fund - Direct Plan Monthly - IDCW Option,Edelweiss Mutual Fund,INF843K01FH7,Other,,0,0,,,,"{""1y"": 0, ""3y"": 0, ""5y"": 0, ""since_inception"": 0}",0,0
140291,Edelweiss Banking and PSU Debt Fund - Direct Plan Fortnightly - IDCW Option,Edelweiss Mutual Fund,-,Other,,0,0,,,,"{""1y"": 0, ""3y"": 0, ""5y"": 0, ""since_inception"": 0}",0,0
140290,Edelweiss Banking and PSU Debt Fund - Direct Plan weekly - IDCW Option,Edelweiss Mutual Fund,-,Other,,0,0,,,,"{""1y"": 0, ""3y"": 0, ""5y"": 0, ""since_inception"": 0}",0,0
140284,Edelweiss Banking and PSU Debt Fund - Regular Plan - IDCW Option,Edelweiss Mutual Fund,INF843K01FM7,Other,,0,0,,,,"{""1y"": 0, ""3y"": 0, ""5y"": 0, ""since_inception"": 0}",0,0
140283,Edelweiss Banking and PSU Debt Fund - Regular Plan - Growth Option,Edelweiss Mutual Fund,-,Other,,0,0,,,,"{""1y"": 0, ""3y"": 0, ""5y"": 0, ""since_inception"": 0}",0,0
140294,Edelweiss Banking and PSU Debt Fund - Regular Plan Fortnightly - IDCW Option,Edelweiss Mutual Fund,-,Other,,0,0,,,,"{""1y"": 0, ""3y"": 0, ""5y"": 0, ""since_inception"": 0}",0,0
140292,Edelweiss Banking and PSU Debt Fund - Regular Plan Monthly - IDCW Option,Edelweiss Mutual Fund,INF843K01FP0,Other,,0,0,,,,"{""1y"": 0, ""3y"": 0, ""5y"": 0, ""since_inception"": 0}",0,0
140289,Edelweiss Banking and PSU Debt Fund - Regular Plan Weekly - IDCW Option,Edelweiss Mutual Fund,-,Other,,0,0,,,,"{""1y"": 0, ""3y"": 0, ""5y"": 0, ""since_inception"": 0}",0,0
129006,Franklin India Banking & PSU Debt Fund - Growth,Franklin Templeton Mutual Fund,-,Other,,0,0,,,,"{""1y"": 0, ""3y"": 0, ""5y"": 0, ""since_inception"": 0}",0,0
129008,Franklin India Banking & PSU Debt Fund - Direct - Growth,Franklin Templeton Mutual Fund,-,Other,,0,0,,,,"{""1y"": 0, ""3y"": 0, ""5y"": 0, ""since_inception"": 0}",0,0
128628,HDFC Banking and PSU Debt Fund - Growth Option,HDFC Mutual Fund,-,Other,,0,0,,,,"{""1y"": 0, ""3y"": 0, ""5y"": 0, ""since_inception"": 0}",0,0
129007,Franklin India Banking and PSU Debt Fund - IDCW,Franklin Templeton Mutual Fund,INF090I01KQ0,Other,,0,0,,,,"{""1y"": 0, ""3y"": 0, ""5y"": 0, ""since_inception"": 0}",0,0
128629,HDFC Banking and PSU Debt Fund - Growth Option - Direct Plan,HDFC Mutual Fund,-,Other,,0,0,,,,"{""1y"": 0, ""3y"": 0, ""5y"": 0, ""since_inception"": 0}",0,0
129009,Franklin India Banking and PSU Debt Fund - Direct - IDCW,Franklin Templeton Mutual Fund,INF090I01KT4,Other,,0,0,,,,"{""1y"": 0, ""3y"": 0, ""5y"": 0, ""since_inception"": 0}",0,0
128627,HDFC Banking and PSU Debt Fund - IDCW Option,HDFC Mutual Fund,INF179KA1JE0,Other,,0,0,,,,"{""1y"": 0, ""3y"": 0, ""5y"": 0, ""since_inception"": 0}",0,0
151109,HSBC Banking and PSU Debt Fund - Direct Weekly IDCW,HSBC Mutual Fund,INF917K01HK9,Other,,0,0,,,,"{""1y"": 0, ""3y"": 0, ""5y"": 0, ""since_inception"": 0}",0,0
128626,HDFC Banking and PSU Debt Fund - IDCW Option - Direct Plan,HDFC Mutual Fund,INF179KA1JB6,Other,,0,0,,,,"{""1y"": 0, ""3y"": 0, ""5y"": 0, ""since_inception"": 0}",0,0
151106,HSBC Banking and PSU Debt Fund - Direct Monthly IDCW,HSBC Mutual Fund,INF917K01HI3,Other,,0,0,,,,"{""1y"": 0, ""3y"": 0, ""5y"": 0, ""since_inception"": 0}",0,0
151108,HSBC Banking and PSU Debt Fund - Direct Daily IDCW,HSBC Mutual Fund,INF917K01HL7,Other,,0,0,,,,"{""1y"": 0, ""3y"": 0, ""5y"": 0, ""since_inception"": 0}",0,0
151107,HSBC Banking and PSU Debt Fund - Direct Growth,HSBC Mutual Fund,-,Other,,0,0,,,,"{""1y"": 0, ""3y"": 0, ""5y"": 0, ""since_inception"": 0}",0,0
151102,HSBC Banking and PSU Debt Fund - Regular Daily IDCW,HSBC Mutual Fund,INF677K01AF4,Other,,0,0,,,,"{""1y"": 0, ""3y"": 0, ""5y"": 0, ""since_inception"": 0}",0,0
112343,ICICI Prudential Banking and PSU Debt Fund -  Daily IDCW,ICICI Prudential Mutual Fund,INF109K01RV9,Other,,0,0,,,,"{""1y"": 0, ""3y"": 0, ""5y"": 0, ""since_inception"": 0}",0,0
151103,HSBC Banking and PSU Debt Fund - Regular Weekly IDCW,HSBC Mutual Fund,INF917K01HM5,Other,,0,0,,,,"{""1y"": 0, ""3y"": 0, ""5y"": 0, ""since_inception"": 0}",0,0
151105,HSBC Banking and PSU Debt Fund - Regular Monthly IDCW,HSBC Mutual Fund,INF677K01AJ6,Other,,0,0,,,,"{""1y"": 0, ""3y"": 0, ""5y"": 0, ""since_inception"": 0}",0,0
151104,HSBC Banking and PSU Debt Fund - Regular Growth,HSBC Mutual Fund,-,Other,,0,0,,,,"{""1y"": 0, ""3y"": 0, ""5y"": 0, ""since_inception"": 0}",0,0
120258,ICICI Prudential Banking and PSU Debt Fund - Direct Plan -  Quarterly IDCW,ICICI Prudential Mutual Fund,INF109K012A2,Other,,0,0,,,,"{""1y"": 0, ""3y"": 0, ""5y"": 0, ""since_inception"": 0}",0,0
120257,ICICI Prudential Banking and PSU Debt Fund - Direct Plan -  Daily IDCW,ICICI Prudential Mutual Fund,INF109K01Z97,Other,,0,0,,,,"{""1y"": 0, ""3y"": 0, ""5y"": 0, ""since_inception"": 0}",0,0
130897,ICICI Prudential Banking and PSU Debt Fund - Bonus,ICICI Prudential Mutual Fund,-,Other,,0,0,,,,"{""1y"": 0, ""3y"": 0, ""5y"": 0, ""since_inception"": 0}",0,0
112344,ICICI Prudential Banking and PSU Debt Fund -  Weekly IDCW,ICICI Prudential Mutual Fund,INF109K01RU1,Other,,0,0,,,,"{""1y"": 0, ""3y"": 0, ""5y"": 0, ""since_inception"": 0}",0,0
120256,ICICI Prudential Banking and PSU Debt Fund - Direct Plan -  Growth,ICICI Prudential Mutual Fund,-,Other,,0,0,,,,"{""1y"": 0, ""3y"": 0, ""5y"": 0, ""since_inception"": 0}",0,0
112342,ICICI Prudential Banking and PSU Debt Fund - Growth,ICICI Prudential Mutual Fund,-,Other,,0,0,,,,"{""1y"": 0, ""3y"": 0, ""5y"": 0, ""since_inception"": 0}",0,0
116174,ICICI Prudential Banking and PSU Debt Fund - Quarterly IDCW,ICICI Prudential Mutual Fund,INF109K01YD3,Other,,0,0,,,,"{""1y"": 0, ""3y"": 0, ""5y"": 0, ""since_inception"": 0}",0,0
130950,ICICI Prudential Banking and PSU Debt Fund - Direct Plan Bonus,ICICI Prudential Mutual Fund,-,Other,,0,0,,,,"{""1y"": 0, ""3y"": 0, ""5y"": 0, ""since_inception"": 0}",0,0
120255,ICICI Prudential Banking and PSU Debt Fund - Direct Plan -  Weekly IDCW,ICICI Prudential Mutual Fund,INF109K014A8,Other,,0,0,,,,"{""1y"": 0, ""3y"": 0, ""5y"": 0, ""since_inception"": 0}",0,0
131148,ICICI Prudential Banking and PSU Debt Fund - Direct Plan Half Yearly IDCW Option,ICICI Prudential Mutual Fund,INF109KA1M88,Other,,0,0,,,,"{""1y"": 0, ""3y"": 0, ""5y"": 0, ""since_inception"": 0}",0,0
113247,ICICI Prudential Banking and PSU Debt Fund Retail Daily Dividend,ICICI Prudential Mutual Fund,INF109K01JM5,Other,,0,0,,,,"{""1y"": 0, ""3y"": 0, ""5y"": 0, ""since_inception"": 0}",0,0
113242,ICICI Prudential Banking and PSU Debt Fund Retail Growth,ICICI Prudential Mutual Fund,-,Other,,0,0,,,,"{""1y"": 0, ""3y"": 0, ""5y"": 0, ""since_inception"": 0}",0,0
131147,ICICI Prudential Banking and PSU Debt Fund Half Yearly IDCW Option,ICICI Prudential Mutual Fund,INF109KA1M62,Other,,0,0,,,,"{""1y"": 0, ""3y"": 0, ""5y"": 0, ""since_inception"": 0}",0,0
113243,ICICI Prudential Banking and PSU Debt Fund Retail Weekly Dividend,ICICI Prudential Mutual Fund,INF109K01IJ3,Other,,0,0,,,,"{""1y"": 0, ""3y"": 0, ""5y"": 0, ""since_inception"": 0}",0,0
118234,Invesco India Banking and PSU Fund - Daily IDCW (Reinvestment),Invesco Mutual Fund,INF205K01JX8,Other,,0,0,,,,"{""1y"": 0, ""3y"": 0, ""5y"": 0, ""since_inception"": 0}",0,0
120443,Invesco India Banking and PSU Fund - Direct Plan - Daily IDCW (Reinvestment),Invesco Mutual Fund,INF205K01KS6,Other,,0,0,,,,"{""1y"": 0, ""3y"": 0, ""5y"": 0, ""since_inception"": 0}",0,0
118232,Invesco India Banking and PSU Fund - Growth Option,Invesco Mutual Fund,-,Other,,0,0,,,,"{""1y"": 0, ""3y"": 0, ""5y"": 0, ""since_inception"": 0}",0,0
118233,Invesco India Banking and PSU Fund - Monthly IDCW (Payout / Reinvestment),Invesco Mutual Fund,INF205K01JY6,Other,,0,0,,,,"{""1y"": 0, ""3y"": 0, ""5y"": 0, ""since_inception"": 0}",0,0
120444,Invesco India Banking and PSU Fund - Direct Plan -  Growth Option,Invesco Mutual Fund,-,Other,,0,0,,,,"{""1y"": 0, ""3y"": 0, ""5y"": 0, ""since_inception"": 0}",0,0
120445,Invesco India Banking and PSU Fund - Direct Plan - Monthly IDCW (Payout / Reinvestment),Invesco Mutual Fund,INF205K01KV0,Other,,0,0,,,,"{""1y"": 0, ""3y"": 0, ""5y"": 0, ""since_inception"": 0}",0,0
148536,ITI Banking & PSU Debt Fund - Direct Plan - IDCW Option,ITI Mutual Fund,INF00XX01887,Other,,0,0,,,,"{""1y"": 0, ""3y"": 0, ""5y"": 0, ""since_inception"": 0}",0,0
148533,ITI Banking & PSU Debt Fund - Regular Plan - IDCW Option,ITI Mutual Fund,INF00XX01853,Other,,0,0,,,,"{""1y"": 0, ""3y"": 0, ""5y"": 0, ""since_inception"": 0}",0,0
123688,Kotak Banking and PSU Debt - Annual Dividend,Kotak Mahindra Mutual Fund,INF174K01FR6,Other,,0,0,,,,"{""1y"": 0, ""3y"": 0, ""5y"": 0, ""since_inception"": 0}",0,0
148534,ITI Banking & PSU Debt Fund - Direct Plan - Growth Option,ITI Mutual Fund,-,Other,,0,0,,,,"{""1y"": 0, ""3y"": 0, ""5y"": 0, ""since_inception"": 0}",0,0
148535,ITI Banking & PSU Debt Fund - Regular Plan - Growth Option,ITI Mutual Fund,-,Other,,0,0,,,,"{""1y"": 0, ""3y"": 0, ""5y"": 0, ""since_inception"": 0}",0,0
123858,Kotak Banking and PSU Debt - Daily Dividend Reinvestment,Kotak Mahindra Mutual Fund,INF174K01SD9,Other,,0,0,,,,"{""1y"": 0, ""3y"": 0, ""5y"": 0, ""since_inception"": 0}",0,0
123689,Kotak Banking and PSU Debt Direct - Annual Dividend,Kotak Mahindra Mutual Fund,INF174K01KJ3,Other,,0,0,,,,"{""1y"": 0, ""3y"": 0, ""5y"": 0, ""since_inception"": 0}",0,0
123691,Kotak Banking and PSU Debt - Monthly Payout of Income Distribution cum capital withdrawal option,Kotak Mahindra Mutual Fund,INF174K01FP0,Other,,0,0,,,,"{""1y"": 0, ""3y"": 0, ""5y"": 0, ""since_inception"": 0}",0,0
123859,Kotak Banking and PSU Debt - Direct Daily Dividend Reinvestment,Kotak Mahindra Mutual Fund,-,Other,,0,0,,,,"{""1y"": 0, ""3y"": 0, ""5y"": 0, ""since_inception"": 0}",0,0
123690,Kotak Banking and PSU Debt - Growth,Kotak Mahindra Mutual Fund,-,Other,,0,0,,,,"{""1y"": 0, ""3y"": 0, ""5y"": 0, ""since_inception"": 0}",0,0
123693,Kotak Banking and PSU Debt Direct - Growth,Kotak Mahindra Mutual Fund,-,Other,,0,0,,,,"{""1y"": 0, ""3y"": 0, ""5y"": 0, ""since_inception"": 0}",0,0
120339,LIC MF Banking & PSU Fund-Direct Plan-Monthly IDCW,LIC Mutual Fund,INF767K01GN4,Other,,0,0,,,,"{""1y"": 0, ""3y"": 0, ""5y"": 0, ""since_inception"": 0}",0,0
123692,Kotak Banking and PSU Debt Direct - Monthly Payout of Income Distribution cum capital withdrawal option,Kotak Mahindra Mutual Fund,-,Other,,0,0,,,,"{""1y"": 0, ""3y"": 0, ""5y"": 0, ""since_inception"": 0}",0,0
120338,LIC MF Banking & PSU Fund-Direct Plan-Growth,LIC Mutual Fund,-,Other,,0,0,,,,"{""1y"": 0, ""3y"": 0, ""5y"": 0, ""since_inception"": 0}",0,0
120337,LIC MF Banking & PSU Fund-Direct Plan-Daily IDCW,LIC Mutual Fund,INF767K01GM6,Other,,0,0,,,,"{""1y"": 0, ""3y"": 0, ""5y"": 0, ""since_inception"": 0}",0,0
105857,LIC MF Banking & PSU Fund-Regular Plan-Weekly IDCW,LIC Mutual Fund,INF767K01576,Other,,0,0,,,,"{""1y"": 0, ""3y"": 0, ""5y"": 0, ""since_inception"": 0}",0,0
105856,LIC MF Banking & PSU Fund-Regular Plan-Monthly IDCW,LIC Mutual Fund,INF767K01550,Other,,0,0,,,,"{""1y"": 0, ""3y"": 0, ""5y"": 0, ""since_inception"": 0}",0,0
120336,LIC MF Banking & PSU Fund-Direct Plan-Weekly IDCW,LIC Mutual Fund,INF767K01GO2,Other,,0,0,,,,"{""1y"": 0, ""3y"": 0, ""5y"": 0, ""since_inception"": 0}",0,0
105822,LIC MF Banking & PSU Fund-Regular Plan-Daily IDCW,LIC Mutual Fund,INF767K01527,Other,,0,0,,,,"{""1y"": 0, ""3y"": 0, ""5y"": 0, ""since_inception"": 0}",0,0
105823,LIC MF Banking & PSU Fund-Regular Plan-Growth,LIC Mutual Fund,-,Other,,0,0,,,,"{""1y"": 0, ""3y"": 0, ""5y"": 0, ""since_inception"": 0}",0,0
134552,Nippon India Banking  & PSU Debt Fund- Direct Plan-Growth Plan- Bonus Option,Nippon India Mutual Fund,-,Other,,0,0,,,,"{""1y"": 0, ""3y"": 0, ""5y"": 0, ""since_inception"": 0}",0,0
148419,Mirae Asset Banking and PSU Fund - Direct Plan - Growth,Mirae Asset Mutual Fund,-,Other,,0,0,,,,"{""1y"": 0, ""3y"": 0, ""5y"": 0, ""since_inception"": 0}",0,0
148418,Mirae Asset Banking and PSU Fund - Regular plan - IDCW,Mirae Asset Mutual Fund,INF769K01FW3,Other,,0,0,,,,"{""1y"": 0, ""3y"": 0, ""5y"": 0, ""since_inception"": 0}",0,0
148416,Mirae Asset Banking and PSU Fund - Regular Plan - Growth,Mirae Asset Mutual Fund,-,Other,,0,0,,,,"{""1y"": 0, ""3y"": 0, ""5y"": 0, ""since_inception"": 0}",0,0
148417,Mirae Asset Banking and PSU Fund - Direct Plan - IDCW,Mirae Asset Mutual Fund,INF769K01FZ6,Other,,0,0,,,,"{""1y"": 0, ""3y"": 0, ""5y"": 0, ""since_inception"": 0}",0,0
134550,NIPPON INDIA BANKING & PSU DEBT FUND - Direct Plan - MONTHLY IDCW Option,Nippon India Mutual Fund,INF204KA1V45,Other,,0,0,,,,"{""1y"": 0, ""3y"": 0, ""5y"": 0, ""since_inception"": 0}",0,0
134545,Nippon India Banking  & PSU Debt Fund- Growth Plan- Growth Option,Nippon India Mutual Fund,-,Other,,0,0,,,,"{""1y"": 0, ""3y"": 0, ""5y"": 0, ""since_inception"": 0}",0,0
134555,NIPPON INDIA BANKING & PSU DEBT FUND - Direct Plan - IDCW Option,Nippon India Mutual Fund,INF204KA1U87,Other,,0,0,,,,"{""1y"": 0, ""3y"": 0, ""5y"": 0, ""since_inception"": 0}",0,0
134547,Nippon India Banking  & PSU Debt Fund- Direct Plan-Growth Plan- Growth Option,Nippon India Mutual Fund,-,Other,,0,0,,,,"{""1y"": 0, ""3y"": 0, ""5y"": 0, ""since_inception"": 0}",0,0
134546,Nippon India Banking  & PSU Debt Fund- Growth Plan- Bonus Option,Nippon India Mutual Fund,-,Other,,0,0,,,,"{""1y"": 0, ""3y"": 0, ""5y"": 0, ""since_inception"": 0}",0,0
134548,NIPPON INDIA BANKING & PSU DEBT FUND - IDCW Option,Nippon India Mutual Fund,INF204KA1T80,Other,,0,0,,,,"{""1y"": 0, ""3y"": 0, ""5y"": 0, ""since_inception"": 0}",0,0
134556,NIPPON INDIA BANKING & PSU DEBT FUND - Direct Plan - QUARTERLY IDCW Option,Nippon India Mutual Fund,INF204KA1V03,Other,,0,0,,,,"{""1y"": 0, ""3y"": 0, ""5y"": 0, ""since_inception"": 0}",0,0
134551,NIPPON INDIA BANKING & PSU DEBT FUND - QUARTERLY IDCW Option,Nippon India Mutual Fund,INF204KA1U04,Other,,0,0,,,,"{""1y"": 0, ""3y"": 0, ""5y"": 0, ""since_inception"": 0}",0,0
134549,NIPPON INDIA BANKING & PSU DEBT FUND - MONTHLY IDCW Option,Nippon India Mutual Fund,INF204KA1U46,Other,,0,0,,,,"{""1y"": 0, ""3y"": 0, ""5y"": 0, ""since_inception"": 0}",0,0
134554,NIPPON INDIA BANKING & PSU DEBT FUND - Direct Plan - WEEKLY IDCW Option,Nippon India Mutual Fund,INF204KA1V29,Other,,0,0,,,,"{""1y"": 0, ""3y"": 0, ""5y"": 0, ""since_inception"": 0}",0,0
125505,SBI Banking & PSU Fund - Direct Plan - Monthly Income Distribution cum Capital Withdrawal Option (IDCW),SBI Mutual Fund,INF200K01V57,Other,,0,0,,,,"{""1y"": 0, ""3y"": 0, ""5y"": 0, ""since_inception"": 0}",0,0
134553,NIPPON INDIA BANKING & PSU DEBT FUND - WEEKLY IDCW Option,Nippon India Mutual Fund,INF204KA1U20,Other,,0,0,,,,"{""1y"": 0, ""3y"": 0, ""5y"": 0, ""since_inception"": 0}",0,0
125503,SBI BANKING & PSU FUND - Direct Plan - Growth,SBI Mutual Fund,-,Other,,0,0,,,,"{""1y"": 0, ""3y"": 0, ""5y"": 0, ""since_inception"": 0}",0,0
125502,SBI Banking & PSU Fund - Direct Plan - Daily Income Distribution cum Capital Withdrawal Option (IDCW),SBI Mutual Fund,INF200K01V16,Other,,0,0,,,,"{""1y"": 0, ""3y"": 0, ""5y"": 0, ""since_inception"": 0}",0,0
125504,SBI Banking & PSU Fund - Direct Plan - Weekly Income Distribution cum Capital Withdrawal Option (IDCW),SBI Mutual Fund,INF200K01V24,Other,,0,0,,,,"{""1y"": 0, ""3y"": 0, ""5y"": 0, ""since_inception"": 0}",0,0
125499,SBI Banking & PSU Fund - Regular Plan - Daily Income Distribution cum Capital Withdrawal Option (IDCW),SBI Mutual Fund,INF200K01U58,Other,,0,0,,,,"{""1y"": 0, ""3y"": 0, ""5y"": 0, ""since_inception"": 0}",0,0
134363,Sundaram Banking & PSU Fund (Formerly Known as Sundaram Banking & PSU Debt Fund) - Direct Growth,Sundaram Mutual Fund,-,Other,,0,0,,,,"{""1y"": 0, ""3y"": 0, ""5y"": 0, ""since_inception"": 0}",0,0
125498,SBI BANKING & PSU FUND - Regular Paln - Growth,SBI Mutual Fund,-,Other,,0,0,,,,"{""1y"": 0, ""3y"": 0, ""5y"": 0, ""since_inception"": 0}",0,0
125500,SBI Banking & PSU Fund - Regular Plan - Weekly Income Distribution cum Capital Withdrawal Option (IDCW),SBI Mutual Fund,INF200K01U66,Other,,0,0,,,,"{""1y"": 0, ""3y"": 0, ""5y"": 0, ""since_inception"": 0}",0,0
125501,SBI Banking & PSU Fund - Regular Plan - Monthly Income Distribution cum Capital Withdrawal Option (IDCW),SBI Mutual Fund,INF200K01U90,Other,,0,0,,,,"{""1y"": 0, ""3y"": 0, ""5y"": 0, ""since_inception"": 0}",0,0
134355,Sundaram Banking & PSU Fund (Formerly Known as Sundaram Banking & PSU Debt Fund) - Regular Annual Bonus,Sundaram Mutual Fund,-,Other,,0,0,,,,"{""1y"": 0, ""3y"": 0, ""5y"": 0, ""since_inception"": 0}",0,0
134369,Sundaram Banking & PSU Fund (Formerly Known as Sundaram Banking & PSU Debt Fund) - Direct Quarterly Dividend,Sundaram Mutual Fund,INF903J014J0,Other,,0,0,,,,"{""1y"": 0, ""3y"": 0, ""5y"": 0, ""since_inception"": 0}",0,0
134370,Sundaram Banking & PSU Fund (Formerly Known as Sundaram Banking & PSU Debt Fund) - Direct Monthly Dividend,Sundaram Mutual Fund,INF903J013J2,Other,,0,0,,,,"{""1y"": 0, ""3y"": 0, ""5y"": 0, ""since_inception"": 0}",0,0
134358,Sundaram Banking & PSU Fund (Formerly Known as Sundaram Banking & PSU Debt Fund) - Regular Daily Dividend Reinvestment,Sundaram Mutual Fund,INF903J010I0,Other,,0,0,,,,"{""1y"": 0, ""3y"": 0, ""5y"": 0, ""since_inception"": 0}",0,0
134356,Sundaram Banking & PSU Fund (Formerly Known as Sundaram Banking & PSU Debt Fund) - Regular Growth,Sundaram Mutual Fund,-,Other,,0,0,,,,"{""1y"": 0, ""3y"": 0, ""5y"": 0, ""since_inception"": 0}",0,0
119629,Sundaram Banking & PSU Fund (Formerly Known as Sundaram Banking and PSU Debt Fund) Direct Plan - Bonus,Sundaram Mutual Fund,-,Other,,0,0,,,,"{""1y"": 0, ""3y"": 0, ""5y"": 0, ""since_inception"": 0}",0,0
134360,Sundaram Banking & PSU Fund (Formerly Known as Sundaram Banking & PSU Debt Fund) - Regular Weekly Dividend,Sundaram Mutual Fund,INF903J011I8,Other,,0,0,,,,"{""1y"": 0, ""3y"": 0, ""5y"": 0, ""since_inception"": 0}",0,0
134361,Sundaram Banking & PSU Fund (Formerly Known as Sundaram Banking & PSU Debt Fund) - Regular Quarterly Bonus,Sundaram Mutual Fund,-,Other,,0,0,,,,"{""1y"": 0, ""3y"": 0, ""5y"": 0, ""since_inception"": 0}",0,0
134359,Sundaram Banking & PSU Fund (Formerly Known as Sundaram Banking & PSU Debt Fund) - Regular Monthly Dividend,Sundaram Mutual Fund,INF903J012I6,Other,,0,0,,,,"{""1y"": 0, ""3y"": 0, ""5y"": 0, ""since_inception"": 0}",0,0
134362,Sundaram Banking & PSU Fund (Formerly Known as Sundaram Banking & PSU Debt Fund) - Regular Quarterly Dividend,Sundaram Mutual Fund,INF903J013I4,Other,,0,0,,,,"{""1y"": 0, ""3y"": 0, ""5y"": 0, ""since_inception"": 0}",0,0
119627,Sundaram Banking & PSU Fund (Formerly Known as Sundaram Banking and PSU Debt Fund) Direct Plan - Daily Reinvestment of Income Distribution cum Capital Withdrawal (IDCW),Sundaram Mutual Fund,INF903J01PC1,Other,,0,0,,,,"{""1y"": 0, ""3y"": 0, ""5y"": 0, ""since_inception"": 0}",0,0
119625,Sundaram Banking & PSU Fund (Formerly Known as Sundaram Banking and PSU Debt Fund) Direct Plan - Growth,Sundaram Mutual Fund,-,Other,,0,0,,,,"{""1y"": 0, ""3y"": 0, ""5y"": 0, ""since_inception"": 0}",0,0
100782,Sundaram Banking & PSU Fund (Formerly Known as Sundaram Banking and PSU Debt Fund) Regular Plan - Daily Reinvestment of Income Distribution cum Capital Withdrawal (IDCW),Sundaram Mutual Fund,INF903J01IP8,Other,,0,0,,,,"{""1y"": 0, ""3y"": 0, ""5y"": 0, ""since_inception"": 0}",0,0
119626,Sundaram Banking & PSU Fund (Formerly Known as Sundaram Banking and PSU Debt Fund) Direct Plan - Monthly Income Distribution cum Capital Withdrawal (IDCW),Sundaram Mutual Fund,INF903J01PE7,Other,,0,0,,,,"{""1y"": 0, ""3y"": 0, ""5y"": 0, ""since_inception"": 0}",0,0
118326,Sundaram Banking & PSU Fund (Formerly Known as Sundaram Banking and PSU Debt Fund) Regular Plan - Bonus,Sundaram Mutual Fund,-,Other,,0,0,,,,"{""1y"": 0, ""3y"": 0, ""5y"": 0, ""since_inception"": 0}",0,0
100781,Sundaram Banking & PSU Fund (Formerly Known as Sundaram Banking and PSU Debt Fund) Retail Plan - Growth,Sundaram Mutual Fund,-,Other,,0,0,,,,"{""1y"": 0, ""3y"": 0, ""5y"": 0, ""since_inception"": 0}",0,0
100793,Sundaram Banking & PSU Fund (Formerly Known as Sundaram Banking and PSU Debt Fund) Regular Plan - Monthly Income Distribution cum Capital Withdrawal (IDCW),Sundaram Mutual Fund,INF903J01IR4,Other,,0,0,,,,"{""1y"": 0, ""3y"": 0, ""5y"": 0, ""since_inception"": 0}",0,0
100780,Sundaram Banking & PSU Fund (Formerly Known as Sundaram Banking and PSU Debt Fund) Retail Plan - Monthly Income Distribution cum Capital Withdrawal (IDCW),Sundaram Mutual Fund,INF903J01IM5,Other,,0,0,,,,"{""1y"": 0, ""3y"": 0, ""5y"": 0, ""since_inception"": 0}",0,0
100783,Sundaram Banking & PSU Fund (Formerly Known as Sundaram Banking and PSU Debt Fund) Regular Plan - Weekly Reinvestment of Income Distribution cum Capital Withdrawal (IDCW),Sundaram Mutual Fund,INF903J01IQ6,Other,,0,0,,,,"{""1y"": 0, ""3y"": 0, ""5y"": 0, ""since_inception"": 0}",0,0
100784,Sundaram Banking & PSU Fund (Formerly Known as Sundaram Banking and PSU Debt Fund) Regular Plan - Growth,Sundaram Mutual Fund,-,Other,,0,0,,,,"{""1y"": 0, ""3y"": 0, ""5y"": 0, ""since_inception"": 0}",0,0
148681,TRUSTMF BANKING & PSU FUND DIRECT PLAN MONTHLY INCOME DISTRIBUTION CUM CAPITAL WITHDRAWAL OPTION,Trust Mutual Fund,INF0GCD01131,Other,,0,0,,,,"{""1y"": 0, ""3y"": 0, ""5y"": 0, ""since_inception"": 0}",0,0
148655,TRUSTMF BANKING & PSU FUND - REGULAR GROWTH,Trust Mutual Fund,-,Other,,0,0,,,,"{""1y"": 0, ""3y"": 0, ""5y"": 0, ""since_inception"": 0}",0,0
148678,TRUSTMF BANKING & PSU FUND DIRECT PLAN DAILY INCOME DISTRIBUTION CUM CAPITAL WITHDRAWAL,Trust Mutual Fund,INF0GCD01115,Other,,0,0,,,,"{""1y"": 0, ""3y"": 0, ""5y"": 0, ""since_inception"": 0}",0,0
148656,TRUSTMF BANKING & PSU FUND - DIRECT GROWTH,Trust Mutual Fund,-,Other,,0,0,,,,"{""1y"": 0, ""3y"": 0, ""5y"": 0, ""since_inception"": 0}",0,0
148672,TRUSTMF BANKING & PSU FUND DIRECT PLAN ANNUAL INCOME DISTRIBUTION CUM CAPITAL WITHDRAWAL OPTION,Trust Mutual Fund,INF0GCD01172,Other,,0,0,,,,"{""1y"": 0, ""3y"": 0, ""5y"": 0, ""since_inception"": 0}",0,0
148675,TRUSTMF BANKING & PSU FUND DIRECT PLAN WEEKLY INCOME DISTRIBUTION CUM CAPITAL WITHDRAWAL,Trust Mutual Fund,INF0GCD01123,Other,,0,0,,,,"{""1y"": 0, ""3y"": 0, ""5y"": 0, ""since_inception"": 0}",0,0
148674,TRUSTMF BANKING & PSU FUND REGULAR PLAN MONTHLY INCOME DISTRIBUTION CUM CAPITAL WITHDRAWAL,Trust Mutual Fund,INF0GCD01040,Other,,0,0,,,,"{""1y"": 0, ""3y"": 0, ""5y"": 0, ""since_inception"": 0}",0,0
148667,TRUSTMF BANKING & PSU FUND REGULAR PLAN DAILY INCOME DISTRIBUTION CUM CAPITAL WITHDRAWAL,Trust Mutual Fund,INF0GCD01024,Other,,0,0,,,,"{""1y"": 0, ""3y"": 0, ""5y"": 0, ""since_inception"": 0}",0,0
148669,TRUSTMF BANKING & PSU FUND REGULAR PLAN ANNUAL INCOME DISTRIBUTION CUM CAPITAL WITHDRAWAL,Trust Mutual Fund,INF0GCD01081,Other,,0,0,,,,"{""1y"": 0, ""3y"": 0, ""5y"": 0, ""since_inception"": 0}",0,0
148670,TRUSTMF BANKING & PSU FUND DIRECT PLAN QUARTERLY INCOME DISTRIBUTION CUM CAPITAL WITHDRAWAL,Trust Mutual Fund,INF0GCD01156,Other,,0,0,,,,"{""1y"": 0, ""3y"": 0, ""5y"": 0, ""since_inception"": 0}",0,0
133972,UTI Banking & PSU Fund - Direct Plan - Flexi IDCW,UTI Mutual Fund,INF789FA1V37,Other,,0,0,,,,"{""1y"": 0, ""3y"": 0, ""5y"": 0, ""since_inception"": 0}",0,0
140135,UTI Banking & PSU Fund - Direct Plan - Annual IDCW,UTI Mutual Fund,INF789FA1V11,Other,,0,0,,,,"{""1y"": 0, ""3y"": 0, ""5y"": 0, ""since_inception"": 0}",0,0
148679,TRUSTMF BANKING & PSU FUND REGULAR PLAN WEEKLY INCOME DISTRIBUTION CUM CAPITAL WITHDRAWAL,Trust Mutual Fund,INF0GCD01032,Other,,0,0,,,,"{""1y"": 0, ""3y"": 0, ""5y"": 0, ""since_inception"": 0}",0,0
148668,TRUSTMF BANKING & PSU FUND REGULAR PLAN QUARTERLY INCOME DISTRIBUTION CUM CAPITAL WITHDRAWAL,Trust Mutual Fund,INF0GCD01065,Other,,0,0,,,,"{""1y"": 0, ""3y"": 0, ""5y"": 0, ""since_inception"": 0}",0,0
126940,UTI Banking & PSU Fund - Direct Plan - Growth Option,UTI Mutual Fund,-,Other,,0,0,,,,"{""1y"": 0, ""3y"": 0, ""5y"": 0, ""since_inception"": 0}",0,0
126942,UTI Banking & PSU Fund - Direct Plan - Quarterly IDCW,UTI Mutual Fund,INF789F017Z2,Other,,0,0,,,,"{""1y"": 0, ""3y"": 0, ""5y"": 0, ""since_inception"": 0}",0,0
134026,UTI Banking & PSU Fund - Direct Plan - Monthly IDCW,UTI Mutual Fund,INF789FC1HF8,Other,,0,0,,,,"{""1y"": 0, ""3y"": 0, ""5y"": 0, ""since_inception"": 0}",0,0
133971,UTI Banking & PSU Fund - Regular Plan - Flexi IDCW,UTI Mutual Fund,INF789FA1U79,Other,,0,0,,,,"{""1y"": 0, ""3y"": 0, ""5y"": 0, ""since_inception"": 0}",0,0
140116,UTI Banking & PSU Fund - Regular Plan - Annual IDCW,UTI Mutual Fund,INF789FA1U53,Other,,0,0,,,,"{""1y"": 0, ""3y"": 0, ""5y"": 0, ""since_inception"": 0}",0,0
141375,UTI Banking & PSU Fund - Direct Plan - Half-Yearly IDCW,UTI Mutual Fund,INF789FA1U95,Other,,0,0,,,,"{""1y"": 0, ""3y"": 0, ""5y"": 0, ""since_inception"": 0}",0,0
126941,UTI Banking & PSU Fund - Regular Plan - Quarterly IDCW,UTI Mutual Fund,INF789F013Z1,Other,,0,0,,,,"{""1y"": 0, ""3y"": 0, ""5y"": 0, ""since_inception"": 0}",0,0
136110,UTI Banking & PSU Fund - Regular Plan - Monthly IDCW,UTI Mutual Fund,INF789FC1HD3,Other,,0,0,,,,"{""1y"": 0, ""3y"": 0, ""5y"": 0, ""since_inception"": 0}",0,0
119533,Aditya Birla Sun Life Corporate Bond Fund - Growth - Direct Plan,Aditya Birla Sun Life Mutual Fund,-,Other,,0,0,,,,"{""1y"": 0, ""3y"": 0, ""5y"": 0, ""since_inception"": 0}",0,0
139407,UTI Banking & PSU Fund - Regular Plan - Half-Yearly IDCW,UTI Mutual Fund,INF789FA1U38,Other,,0,0,,,,"{""1y"": 0, ""3y"": 0, ""5y"": 0, ""since_inception"": 0}",0,0
126939,UTI Banking & PSU Fund- Regular Plan - Growth Option,UTI Mutual Fund,-,Other,,0,0,,,,"{""1y"": 0, ""3y"": 0, ""5y"": 0, ""since_inception"": 0}",0,0
124833,Aditya Birla Sun Life Corporate Bond Fund -REGULAR - IDCW,Aditya Birla Sun Life Mutual Fund,-,Other,,0,0,,,,"{""1y"": 0, ""3y"": 0, ""5y"": 0, ""since_inception"": 0}",0,0
119532,Aditya Birla Sun Life Corporate Bond Fund -DIRECT - MONTHLY IDCW,Aditya Birla Sun Life Mutual Fund,INF209KA1KU8,Other,,0,0,,,,"{""1y"": 0, ""3y"": 0, ""5y"": 0, ""since_inception"": 0}",0,0
124832,Aditya Birla Sun Life Corporate Bond Fund -DIRECT - IDCW,Aditya Birla Sun Life Mutual Fund,-,Other,,0,0,,,,"{""1y"": 0, ""3y"": 0, ""5y"": 0, ""since_inception"": 0}",0,0
103178,Aditya Birla Sun Life Corporate Bond Fund - Growth - Regular Plan,Aditya Birla Sun Life Mutual Fund,-,Other,,0,0,,,,"{""1y"": 0, ""3y"": 0, ""5y"": 0, ""since_inception"": 0}",0,0
103183,Aditya Birla Sun Life Corporate Bond Fund -REGULAR - MONTHLY IDCW,Aditya Birla Sun Life Mutual Fund,INF209K01DL8,Other,,0,0,,,,"{""1y"": 0, ""3y"": 0, ""5y"": 0, ""since_inception"": 0}",0,0
141590,Axis Corporate Bond Fund - Direct Plan - Monthly IDCW,Axis Mutual Fund,INF846K01ZR7,Other,,0,0,,,,"{""1y"": 0, ""3y"": 0, ""5y"": 0, ""since_inception"": 0}",0,0
141586,Axis Corporate Bond Fund - Direct Plan - Daily IDCW,Axis Mutual Fund,-,Other,,0,0,,,,"{""1y"": 0, ""3y"": 0, ""5y"": 0, ""since_inception"": 0}",0,0
141591,Axis Corporate Bond Fund - Direct Plan - Regular IDCW,Axis Mutual Fund,INF846K01ZT3,Other,,0,0,,,,"{""1y"": 0, ""3y"": 0, ""5y"": 0, ""since_inception"": 0}",0,0
141588,Axis Corporate Bond Fund - Direct Plan Growth,Axis Mutual Fund,-,Other,,0,0,,,,"{""1y"": 0, ""3y"": 0, ""5y"": 0, ""since_inception"": 0}",0,0
141587,Axis Corporate Bond Fund - Direct Plan - Weekly IDCW,Axis Mutual Fund,INF846K01ZP1,Other,,0,0,,,,"{""1y"": 0, ""3y"": 0, ""5y"": 0, ""since_inception"": 0}",0,0
141595,Axis Corporate Bond Fund - Regular Plan - Regular IDCW,Axis Mutual Fund,INF846K01A11,Other,,0,0,,,,"{""1y"": 0, ""3y"": 0, ""5y"": 0, ""since_inception"": 0}",0,0
141589,Axis Corporate Bond Fund - Regular Plan - Daily IDCW,Axis Mutual Fund,-,Other,,0,0,,,,"{""1y"": 0, ""3y"": 0, ""5y"": 0, ""since_inception"": 0}",0,0
141594,Axis Corporate Bond Fund - Regular Plan - Monthly IDCW,Axis Mutual Fund,INF846K01ZZ0,Other,,0,0,,,,"{""1y"": 0, ""3y"": 0, ""5y"": 0, ""since_inception"": 0}",0,0
141593,Axis Corporate Bond Fund - Regular Plan Growth,Axis Mutual Fund,-,Other,,0,0,,,,"{""1y"": 0, ""3y"": 0, ""5y"": 0, ""since_inception"": 0}",0,0
141592,Axis Corporate Bond Fund - Regular Plan - Weekly IDCW,Axis Mutual Fund,INF846K01ZX5,Other,,0,0,,,,"{""1y"": 0, ""3y"": 0, ""5y"": 0, ""since_inception"": 0}",0,0
